{
  "project_info": {
    "project_number": "748326964534",
    "project_id": "actividad5-d30d9",
    "storage_bucket": "actividad5-d30d9.appspot.com"
  },
  "client": [
    {
      "client_info": {
        "mobilesdk_app_id": "1:748326964534:android:65a65426b6f6bb1b82b797",
        "android_client_info": {
          "package_name": "com.example.myapplication"
        }
      },
      "oauth_client": [
        {
          "client_id": "748326964534-jn7hfj2nuq06f04tal8ur9vahju9ivvp.apps.googleusercontent.com",
          "client_type": 3
        }
      ],
      "api_key": [
        {
          "current_key": "AIzaSyDAVf_9ZQHbDMuaLCMU1Rfx50Mg5rLllmQ"
        }
      ],
      "services": {
        "appinvite_service": {
          "other_platform_oauth_client": [
            {
              "client_id": "748326964534-jn7hfj2nuq06f04tal8ur9vahju9ivvp.apps.googleusercontent.com",
              "client_type": 3
            }
          ]
        }
      }
    }
  ],
  "configuration_version": "1"
}